{
  "forge_marker": 1,
  "defaults": {
    "model": "srparasites:gore_sim_small"
  },
  "variants": {
    "variant=sim_small": [
        { "model": "srparasites:gore_sim_small" },
        { "model": "srparasites:gore_sim_small", "y": 90 },
        { "model": "srparasites:gore_sim_small", "y": 180 },
        { "model": "srparasites:gore_sim_small", "y": 270 }
    ],
    "variant=sim_big": [
        { "model": "srparasites:gore_sim_big" },
        { "model": "srparasites:gore_sim_big", "y": 90 },
        { "model": "srparasites:gore_sim_big", "y": 180 },
        { "model": "srparasites:gore_sim_big", "y": 270 }
    ],
    "variant=pri_small": [
        { "model": "srparasites:gore_pri_small" },
        { "model": "srparasites:gore_pri_small", "y": 90 },
        { "model": "srparasites:gore_pri_small", "y": 180 },
        { "model": "srparasites:gore_pri_small", "y": 270 }
    ],
    "variant=pri_big": [
        { "model": "srparasites:gore_pri_big" },
        { "model": "srparasites:gore_pri_big", "y": 90 },
        { "model": "srparasites:gore_pri_big", "y": 180 },
        { "model": "srparasites:gore_pri_big", "y": 270 }
    ],
    "variant=ada_small": [
        { "model": "srparasites:gore_ada_small" },
        { "model": "srparasites:gore_ada_small", "y": 90 },
        { "model": "srparasites:gore_ada_small", "y": 180 },
        { "model": "srparasites:gore_ada_small", "y": 270 }
    ],
    "variant=ada_big": [
        { "model": "srparasites:gore_ada_big" },
        { "model": "srparasites:gore_ada_big", "y": 90 },
        { "model": "srparasites:gore_ada_big", "y": 180 },
        { "model": "srparasites:gore_ada_big", "y": 270 }
    ],
    "variant=pure_small": [
        { "model": "srparasites:gore_pure_small" },
        { "model": "srparasites:gore_pure_small", "y": 90 },
        { "model": "srparasites:gore_pure_small", "y": 180 },
        { "model": "srparasites:gore_pure_small", "y": 270 }
    ],
    "variant=pure_big": [
        { "model": "srparasites:gore_pure_big" },
        { "model": "srparasites:gore_pure_big", "y": 90 },
        { "model": "srparasites:gore_pure_big", "y": 180 },
        { "model": "srparasites:gore_pure_big", "y": 270 }
    ],
    "variant=sim_flat": [
        { "model": "srparasites:gore_sim_flat" },
        { "model": "srparasites:gore_sim_flat", "y": 90 },
        { "model": "srparasites:gore_sim_flat", "y": 180 },
        { "model": "srparasites:gore_sim_flat", "y": 270 }
    ],
    "variant=pri_flat": [
        { "model": "srparasites:gore_pri_flat" },
        { "model": "srparasites:gore_pri_flat", "y": 90 },
        { "model": "srparasites:gore_pri_flat", "y": 180 },
        { "model": "srparasites:gore_pri_flat", "y": 270 }
    ],
    "variant=ada_flat": [
        { "model": "srparasites:gore_ada_flat" },
        { "model": "srparasites:gore_ada_flat", "y": 90 },
        { "model": "srparasites:gore_ada_flat", "y": 180 },
        { "model": "srparasites:gore_ada_flat", "y": 270 }
    ],
    "variant=pure_flat": [
        { "model": "srparasites:gore_pure_flat" },
        { "model": "srparasites:gore_pure_flat", "y": 90 },
        { "model": "srparasites:gore_pure_flat", "y": 180 },
        { "model": "srparasites:gore_pure_flat", "y": 270 }
    ],
    "inventory": [{}]
  }
}