{
  "forge_marker": 1,
  "defaults": {
    "model": "srparasites:parasiterubble_flesh"
  },
  "variants": {
    "variant=flesh": [ 
        { "model": "srparasites:parasiterubble_flesh" },
        { "model": "srparasites:parasiterubble_flesh", "y": 90 },
        { "model": "srparasites:parasiterubble_flesh", "y": 180 },
        { "model": "srparasites:parasiterubble_flesh", "y": 270 }
    ],
    "variant=bone": [
        { "model": "srparasites:parasiterubble_bone" },
        { "model": "srparasites:parasiterubble_bone", "y": 90 },
        { "model": "srparasites:parasiterubble_bone", "y": 180 },
        { "model": "srparasites:parasiterubble_bone", "y": 270 }
    ],
    "variant=stone": [
        { "model": "srparasites:parasiterubble_stone" },
        { "model": "srparasites:parasiterubble_stone", "y": 90 },
        { "model": "srparasites:parasiterubble_stone", "y": 180 },
        { "model": "srparasites:parasiterubble_stone", "y": 270 }
    ],
    "inventory": [{}]
  }
}