{
  "forge_marker": 1,
  "defaults": {
    "model": "srparasites:parasitetrunk_ball"
  },
  "variants": {
    "axis=x,variant=ball": { "model": "srparasites:parasitetrunk_ball", "x": 90, "y": 90  },
    "axis=x,variant=tree": { "model": "srparasites:parasitetrunk_tree", "x": 90, "y": 90  },
    "axis=x,variant=plant": { "model": "srparasites:parasitetrunk_plant", "x": 90, "y": 90  },
    "axis=y,variant=ball": { "model": "srparasites:parasitetrunk_ball" },
    "axis=y,variant=tree": { "model": "srparasites:parasitetrunk_tree" },
    "axis=y,variant=plant": { "model": "srparasites:parasitetrunk_plant" },
    "axis=z,variant=ball": { "model": "srparasites:parasitetrunk_ball", "x": 90  },
    "axis=z,variant=tree": { "model": "srparasites:parasitetrunk_tree", "x": 90  },
    "axis=z,variant=plant": { "model": "srparasites:parasitetrunk_plant", "x": 90  },
    "axis=none,variant=ball": { "model": "srparasites:parasitetrunk_ball" },
    "axis=none,variant=tree": { "model": "srparasites:parasitetrunk_tree" },
    "axis=none,variant=plant": { "model": "srparasites:parasitetrunk_plant" },
    "inventory": [{}]
  }
}