{
  "forge_marker": 1,
  "defaults": {
    "model": "srparasites:parasitecanister_cyst"
  },
  "variants": {
    "variant=bag": [
        { "model": "srparasites:parasitecanister_bag" },
        { "model": "srparasites:parasitecanister_bag", "y": 90 },
        { "model": "srparasites:parasitecanister_bag", "y": 180 },
        { "model": "srparasites:parasitecanister_bag", "y": 270 }
    ],
    "variant=cyst": [
        { "model": "srparasites:parasitecanister_cyst" },
        { "model": "srparasites:parasitecanister_cyst", "y": 90 },
        { "model": "srparasites:parasitecanister_cyst", "y": 180 },
        { "model": "srparasites:parasitecanister_cyst", "y": 270 }
    ],
    "variant=lump": [
        { "model": "srparasites:parasitecanister_lump" },
        { "model": "srparasites:parasitecanister_lump", "y": 90 },
        { "model": "srparasites:parasitecanister_lump", "y": 180 },
        { "model": "srparasites:parasitecanister_lump", "y": 270 }
    ],
    "variant=sac": [
        { "model": "srparasites:parasitecanister_sac" },
        { "model": "srparasites:parasitecanister_sac", "y": 90 },
        { "model": "srparasites:parasitecanister_sac", "y": 180 },
        { "model": "srparasites:parasitecanister_sac", "y": 270 }
    ],
    "inventory": [{}]
  }
}