{
  "forge_marker": 1,
  "defaults": {
    "model": "srparasites:web_one"
  },
  "variants": {
    "variant=one": [
        { "model": "srparasites:web_one" },
        { "model": "srparasites:web_one", "y": 90 },
        { "model": "srparasites:web_one", "y": 180 },
        { "model": "srparasites:web_one", "y": 270 }
    ],
    "variant=two": [
        { "model": "srparasites:web_two" },
        { "model": "srparasites:web_two", "y": 90 },
        { "model": "srparasites:web_two", "y": 180 },
        { "model": "srparasites:web_two", "y": 270 }
    ],
    "variant=three": [
        { "model": "srparasites:web_three" },
        { "model": "srparasites:web_three", "y": 90 },
        { "model": "srparasites:web_three", "y": 180 },
        { "model": "srparasites:web_three", "y": 270 }
    ],
    "inventory": [{}]
  }
}