{
	"credit": "Made with Blockbench",
	"texture_size": [32, 32],
	"textures": {
		"0": "srparasites:blocks/parasitebush_eye",
		"particle": "srparasites:blocks/parasitebush_eye"
	},
	"elements": [
		{
			"from": [3, 0, 3],
			"to": [13, 1, 13],
			"faces": {
				"north": {"uv": [11, 2, 16, 2.5], "texture": "#0"},
				"east": {"uv": [11, 2.5, 16, 3], "texture": "#0"},
				"south": {"uv": [11, 3, 16, 3.5], "texture": "#0"},
				"west": {"uv": [11, 3.5, 16, 4], "texture": "#0"},
				"up": {"uv": [5, 5, 0, 0], "texture": "#0"},
				"down": {"uv": [5, 5, 0, 10], "texture": "#0"}
			}
		},
		{
			"from": [5, 1, 5],
			"to": [11, 7, 11],
			"faces": {
				"north": {"uv": [5, 0, 8, 3], "texture": "#0"},
				"east": {"uv": [5, 3, 8, 6], "texture": "#0"},
				"south": {"uv": [5, 6, 8, 9], "texture": "#0"},
				"west": {"uv": [8, 0, 11, 3], "texture": "#0"},
				"up": {"uv": [11, 6, 8, 3], "texture": "#0"},
				"down": {"uv": [11, 6, 8, 9], "texture": "#0"}
			}
		},
		{
			"from": [2, 0, 7],
			"to": [5, 4, 9],
			"faces": {
				"north": {"uv": [5, 9, 6.5, 11], "texture": "#0"},
				"east": {"uv": [11, 4, 12, 6], "texture": "#0"},
				"south": {"uv": [6.5, 9, 8, 11], "texture": "#0"},
				"west": {"uv": [4.5, 11, 5.5, 13], "texture": "#0"},
				"up": {"uv": [11, 12, 9.5, 11], "texture": "#0"},
				"down": {"uv": [12.5, 10, 11, 11], "texture": "#0"}
			}
		},
		{
			"from": [11, 0, 7],
			"to": [14, 4, 9],
			"faces": {
				"north": {"uv": [8, 9, 9.5, 11], "texture": "#0"},
				"east": {"uv": [5.5, 11, 6.5, 13], "texture": "#0"},
				"south": {"uv": [9.5, 9, 11, 11], "texture": "#0"},
				"west": {"uv": [11, 6, 12, 8], "texture": "#0"},
				"up": {"uv": [12.5, 12, 11, 11], "texture": "#0"},
				"down": {"uv": [1.5, 12, 0, 13], "texture": "#0"}
			}
		},
		{
			"from": [7, 0, 2],
			"to": [9, 4, 5],
			"faces": {
				"north": {"uv": [6.5, 11, 7.5, 13], "texture": "#0"},
				"east": {"uv": [0, 10, 1.5, 12], "texture": "#0"},
				"south": {"uv": [7.5, 11, 8.5, 13], "texture": "#0"},
				"west": {"uv": [1.5, 10, 3, 12], "texture": "#0"},
				"up": {"uv": [2.5, 13.5, 1.5, 12], "texture": "#0"},
				"down": {"uv": [3.5, 12, 2.5, 13.5], "texture": "#0"}
			}
		},
		{
			"from": [7, 0, 11],
			"to": [9, 4, 14],
			"faces": {
				"north": {"uv": [11, 8, 12, 10], "texture": "#0"},
				"east": {"uv": [3, 10, 4.5, 12], "texture": "#0"},
				"south": {"uv": [8.5, 11, 9.5, 13], "texture": "#0"},
				"west": {"uv": [11, 0, 12.5, 2], "texture": "#0"},
				"up": {"uv": [4.5, 13.5, 3.5, 12], "texture": "#0"},
				"down": {"uv": [13, 4, 12, 5.5], "texture": "#0"}
			}
		},
		{
			"from": [10, 1, 10],
			"to": [12, 3, 12],
			"faces": {
				"north": {"uv": [12, 5.5, 13, 6.5], "texture": "#0"},
				"east": {"uv": [12, 6.5, 13, 7.5], "texture": "#0"},
				"south": {"uv": [12, 7.5, 13, 8.5], "texture": "#0"},
				"west": {"uv": [12, 8.5, 13, 9.5], "texture": "#0"},
				"up": {"uv": [10.5, 13, 9.5, 12], "texture": "#0"},
				"down": {"uv": [11.5, 12, 10.5, 13], "texture": "#0"}
			}
		},
		{
			"from": [4, 1, 10],
			"to": [6, 3, 12],
			"faces": {
				"north": {"uv": [11.5, 12, 12.5, 13], "texture": "#0"},
				"east": {"uv": [12.5, 0, 13.5, 1], "texture": "#0"},
				"south": {"uv": [12.5, 1, 13.5, 2], "texture": "#0"},
				"west": {"uv": [12.5, 9.5, 13.5, 10.5], "texture": "#0"},
				"up": {"uv": [13.5, 11.5, 12.5, 10.5], "texture": "#0"},
				"down": {"uv": [13.5, 11.5, 12.5, 12.5], "texture": "#0"}
			}
		},
		{
			"from": [4, 1, 4],
			"to": [6, 3, 6],
			"faces": {
				"north": {"uv": [12.5, 12.5, 13.5, 13.5], "texture": "#0"},
				"east": {"uv": [0, 13, 1, 14], "texture": "#0"},
				"south": {"uv": [13, 4, 14, 5], "texture": "#0"},
				"west": {"uv": [4.5, 13, 5.5, 14], "texture": "#0"},
				"up": {"uv": [14, 6, 13, 5], "texture": "#0"},
				"down": {"uv": [6.5, 13, 5.5, 14], "texture": "#0"}
			}
		},
		{
			"from": [10, 1, 4],
			"to": [12, 3, 6],
			"faces": {
				"north": {"uv": [13, 6, 14, 7], "texture": "#0"},
				"east": {"uv": [6.5, 13, 7.5, 14], "texture": "#0"},
				"south": {"uv": [13, 7, 14, 8], "texture": "#0"},
				"west": {"uv": [7.5, 13, 8.5, 14], "texture": "#0"},
				"up": {"uv": [14, 9, 13, 8], "texture": "#0"},
				"down": {"uv": [9.5, 13, 8.5, 14], "texture": "#0"}
			}
		}
	],
	"display": {
		"thirdperson_righthand": {
			"rotation": [75, 45, 0],
			"translation": [0, 2.5, 0],
			"scale": [0.375, 0.375, 0.375]
		},
		"thirdperson_lefthand": {
			"rotation": [75, 45, 0],
			"translation": [0, 2.5, 0],
			"scale": [0.375, 0.375, 0.375]
		},
		"firstperson_righthand": {
			"rotation": [0, 45, 0],
			"translation": [0, 3, 0],
			"scale": [0.4, 0.4, 0.4]
		},
		"firstperson_lefthand": {
			"rotation": [0, 225, 0],
			"translation": [0, 3, 0],
			"scale": [0.4, 0.4, 0.4]
		},
		"ground": {
			"translation": [0, 3, 0],
			"scale": [0.25, 0.25, 0.25]
		},
		"gui": {
			"rotation": [30, 225, 0],
			"scale": [0.625, 0.625, 0.625]
		},
		"fixed": {
			"scale": [0.5, 0.5, 0.5]
		}
	},
	"groups": [
		{
			"name": "group",
			"origin": [8, 8, 8],
			"color": 0,
			"children": [0, 1, 2, 3, 4, 5, 6, 7, 8, 9]
		}
	]
}