{
	"credit": "Made with Blockbench",
	"ambientocclusion": false,
	"texture_size": [32, 32],
	"textures": {
		"1": "srparasites:blocks/parasite_lump_new",
		"particle": "srparasites:blocks/parasite_lump_new"
	},
	"elements": [
		{
			"from": [5, 0, 5],
			"to": [11, 1, 11],
			"faces": {
				"north": {"uv": [2.5, 7.5, 5.5, 8], "texture": "#1"},
				"east": {"uv": [2.5, 7.5, 5.5, 8], "texture": "#1"},
				"south": {"uv": [2.5, 7.5, 5.5, 8], "texture": "#1"},
				"west": {"uv": [2.5, 7.5, 5.5, 8], "texture": "#1"},
				"up": {"uv": [8, 5, 11, 8], "texture": "#1"},
				"down": {"uv": [8, 5, 11, 8], "texture": "#1"}
			}
		},
		{
			"from": [5, 15, 5],
			"to": [11, 16, 11],
			"faces": {
				"north": {"uv": [2.5, 0, 5.5, 0.5], "texture": "#1"},
				"east": {"uv": [2.5, 0, 5.5, 0.5], "texture": "#1"},
				"south": {"uv": [2.5, 0, 5.5, 0.5], "texture": "#1"},
				"west": {"uv": [2.5, 0, 5.5, 0.5], "texture": "#1"},
				"up": {"uv": [7.5, 0.5, 10.5, 3.5], "texture": "#1"},
				"down": {"uv": [7.5, 0.5, 10.5, 3.5], "texture": "#1"}
			}
		},
		{
			"from": [5, 12, 5],
			"to": [11, 13, 11],
			"faces": {
				"north": {"uv": [2.5, 1.5, 5.5, 2], "texture": "#1"},
				"east": {"uv": [2.5, 1.5, 5.5, 2], "texture": "#1"},
				"south": {"uv": [2.5, 1.5, 5.5, 2], "texture": "#1"},
				"west": {"uv": [2.5, 1.5, 5.5, 2], "texture": "#1"},
				"up": {"uv": [0, 0, 3, 3], "texture": "#1"},
				"down": {"uv": [0, 0, 3, 3], "texture": "#1"}
			}
		},
		{
			"from": [4, 1, 4],
			"to": [12, 3, 12],
			"faces": {
				"north": {"uv": [2, 6.5, 6, 7.5], "texture": "#1"},
				"east": {"uv": [2, 6.5, 6, 7.5], "texture": "#1"},
				"south": {"uv": [2, 6.5, 6, 7.5], "texture": "#1"},
				"west": {"uv": [2, 6.5, 6, 7.5], "texture": "#1"},
				"up": {"uv": [7.5, 4.5, 11.5, 8.5], "texture": "#1"},
				"down": {"uv": [7.5, 4.5, 11.5, 8.5], "texture": "#1"}
			}
		},
		{
			"from": [4, 10, 4],
			"to": [12, 12, 12],
			"faces": {
				"north": {"uv": [2, 2, 6, 3], "texture": "#1"},
				"east": {"uv": [2, 2, 6, 3], "texture": "#1"},
				"south": {"uv": [2, 2, 6, 3], "texture": "#1"},
				"west": {"uv": [2, 2, 6, 3], "texture": "#1"},
				"up": {"uv": [7.5, 4.5, 11.5, 8.5], "texture": "#1"},
				"down": {"uv": [7.5, 4.5, 11.5, 8.5], "texture": "#1"}
			}
		},
		{
			"from": [4, 13, 4],
			"to": [12, 15, 12],
			"faces": {
				"north": {"uv": [2, 0.5, 6, 1.5], "texture": "#1"},
				"east": {"uv": [2, 0.5, 6, 1.5], "texture": "#1"},
				"south": {"uv": [2, 0.5, 6, 1.5], "texture": "#1"},
				"west": {"uv": [2, 0.5, 6, 1.5], "texture": "#1"},
				"up": {"uv": [7, 0, 11, 4], "texture": "#1"},
				"down": {"uv": [7, 0, 11, 4], "texture": "#1"}
			}
		},
		{
			"from": [4, 6, 4],
			"to": [12, 7, 12],
			"faces": {
				"north": {"uv": [2, 4.5, 6, 5], "texture": "#1"},
				"east": {"uv": [2, 4.5, 6, 5], "texture": "#1"},
				"south": {"uv": [2, 4.5, 6, 5], "texture": "#1"},
				"west": {"uv": [2, 4.5, 6, 5], "texture": "#1"},
				"up": {"uv": [7.5, 4.5, 11.5, 8.5], "texture": "#1"},
				"down": {"uv": [7.5, 4.5, 11.5, 8.5], "texture": "#1"}
			}
		},
		{
			"from": [3, 3, 3],
			"to": [13, 6, 13],
			"faces": {
				"north": {"uv": [1.5, 5, 6.5, 6.5], "texture": "#1"},
				"east": {"uv": [1.5, 5, 6.5, 6.5], "texture": "#1"},
				"south": {"uv": [1.5, 5, 6.5, 6.5], "texture": "#1"},
				"west": {"uv": [1.5, 5, 6.5, 6.5], "texture": "#1"},
				"up": {"uv": [7, 4, 12, 9], "texture": "#1"},
				"down": {"uv": [7, 4, 12, 9], "texture": "#1"}
			}
		},
		{
			"from": [3, 7, 3],
			"to": [13, 10, 13],
			"faces": {
				"north": {"uv": [1.5, 3, 6.5, 4.5], "texture": "#1"},
				"east": {"uv": [1.5, 3, 6.5, 4.5], "texture": "#1"},
				"south": {"uv": [1.5, 3, 6.5, 4.5], "texture": "#1"},
				"west": {"uv": [1.5, 3, 6.5, 4.5], "texture": "#1"},
				"up": {"uv": [7, 4, 12, 9], "texture": "#1"},
				"down": {"uv": [7, 4, 12, 9], "texture": "#1"}
			}
		}
	],
	"display": {
		"thirdperson_righthand": {
			"rotation": [75, 45, 0],
			"translation": [0, 2.5, 0],
			"scale": [0.5, 0.5, 0.5]
		},
		"thirdperson_lefthand": {
			"rotation": [75, 45, 0],
			"translation": [0, 2.5, 0],
			"scale": [0.375, 0.375, 0.375]
		},
		"firstperson_righthand": {
			"rotation": [0, 45, 0],
			"scale": [0.4, 0.4, 0.4]
		},
		"firstperson_lefthand": {
			"rotation": [0, 225, 0],
			"scale": [0.4, 0.4, 0.4]
		},
		"ground": {
			"translation": [0, 3, 0],
			"scale": [0.25, 0.25, 0.25]
		},
		"head": {
			"translation": [0, 1.5, 0]
		},
		"fixed": {
			"scale": [0.5, 0.5, 0.5]
		}
	}
}