{
  "parent": "block/cube_all",
  "textures": {
    "particle": "srparasites:blocks/parasiterubbledense_wall_down",
    "down": "srparasites:blocks/parasiterubbledense_wall_down",
    "up": "srparasites:blocks/parasiterubbledense_wall_up",
    "east": "srparasites:blocks/parasiterubbledense_wall_side",
    "west": "srparasites:blocks/parasiterubbledense_wall_side",
    "north": "srparasites:blocks/parasiterubbledense_wall_side",
    "south": "srparasites:blocks/parasiterubbledense_wall_side"
  }
}