{
	"credit": "Made with Blockbench",
	"ambientocclusion": false,
	"textures": {
		"0": "srparasites:blocks/parasitebush_pop",
		"particle": "srparasites:blocks/parasitebush_pop"
	},
	"elements": [
        {
            "from": [8, 0, 0],
            "to": [8, 16, 16],
            "rotation": {"angle": -45, "axis": "y", "origin": [8, 8, 8], "rescale": true},
            "faces": {
                "north": {"uv": [0, 0, 0, 16], "texture": "#0"},
                "east": {"uv": [16, 0, 0, 16], "texture": "#0"},
                "south": {"uv": [0, 0, 0, 16], "texture": "#0"},
                "west": {"uv": [0, 0, 16, 16], "texture": "#0"},
                "up": {"uv": [0, 0, 0, 16], "texture": "#0"},
                "down": {"uv": [0, 0, 0, 16], "texture": "#0"}
            }
        },
        {
            "from": [8, 0, 0],
            "to": [8, 16, 16],
            "rotation": {"angle": 45, "axis": "y", "origin": [8, 8, 8], "rescale": true},
            "faces": {
                "north": {"uv": [0, 0, 0, 16], "texture": "#0"},
                "east": {"uv": [0, 0, 16, 16], "texture": "#0"},
                "south": {"uv": [0, 0, 0, 16], "texture": "#0"},
                "west": {"uv": [16, 0, 0, 16], "texture": "#0"},
                "up": {"uv": [0, 0, 0, 16], "texture": "#0"},
                "down": {"uv": [0, 0, 0, 16], "texture": "#0"}
            }
        }
    ],
    "display": {},
    "groups": [
        {
            "name": "group",
            "origin": [8, 8, 8],
            "color": 0,
            "children": [0, 1]
        }
    ]
}