{
	"credit": "Made with Blockbench",
	"ambientocclusion": false,
	"texture_size": [32, 32],
	"textures": {
		"0": "#texture",
		"particle": "#texture"
	},
	"elements": [
        {
            "from": [4, 16, 0],
            "to": [12, 16, 16],
            "faces": {
                "north": {"uv": [0, 0, 2, 0], "texture": "#0"},
                "east": {"uv": [0, 0, 4, 0], "texture": "#0"},
                "south": {"uv": [0, 0, 2, 0], "texture": "#0"},
                "west": {"uv": [0, 0, 4, 0], "texture": "#0"},
                "up": {"uv": [2, 4, 0, 0], "texture": "#0"},
                "down": {"uv": [4, 0, 2, 4], "texture": "#0"}
            }
        },
        {
            "from": [12, 16, 2],
            "to": [14, 16, 14],
            "faces": {
                "north": {"uv": [0, 0, 0.5, 0], "texture": "#0"},
                "east": {"uv": [0, 0, 3, 0], "texture": "#0"},
                "south": {"uv": [0, 0, 0.5, 0], "texture": "#0"},
                "west": {"uv": [0, 0, 3, 0], "texture": "#0"},
                "up": {"uv": [4, 15, 3.5, 12], "texture": "#0"},
                "down": {"uv": [4.5, 12, 4, 15], "texture": "#0"}
            }
        },
        {
            "from": [2, 16, 2],
            "to": [4, 16, 14],
            "faces": {
                "north": {"uv": [0, 0, 0.5, 0], "texture": "#0"},
                "east": {"uv": [0, 0, 3, 0], "texture": "#0"},
                "south": {"uv": [0, 0, 0.5, 0], "texture": "#0"},
                "west": {"uv": [0, 0, 3, 0], "texture": "#0"},
                "up": {"uv": [12.5, 7, 12, 4], "texture": "#0"},
                "down": {"uv": [5, 12, 4.5, 15], "texture": "#0"}
            }
        },
        {
            "from": [0, 16, 4],
            "to": [2, 16, 12],
            "faces": {
                "north": {"uv": [0, 0, 0.5, 0], "texture": "#0"},
                "east": {"uv": [0, 0, 2, 0], "texture": "#0"},
                "south": {"uv": [0, 0, 0.5, 0], "texture": "#0"},
                "west": {"uv": [0, 0, 2, 0], "texture": "#0"},
                "up": {"uv": [7.5, 14, 7, 12], "texture": "#0"},
                "down": {"uv": [12.5, 7, 12, 9], "texture": "#0"}
            }
        },
        {
            "from": [14, 16, 4],
            "to": [16, 16, 12],
            "faces": {
                "north": {"uv": [0, 0, 0.5, 0], "texture": "#0"},
                "east": {"uv": [0, 0, 2, 0], "texture": "#0"},
                "south": {"uv": [0, 0, 0.5, 0], "texture": "#0"},
                "west": {"uv": [0, 0, 2, 0], "texture": "#0"},
                "up": {"uv": [8, 14, 7.5, 12], "texture": "#0"},
                "down": {"uv": [8.5, 12, 8, 14], "texture": "#0"}
            }
        },
        {
            "from": [14, 0, 4],
            "to": [16, 0, 12],
            "faces": {
                "north": {"uv": [0, 0, 0.5, 0], "texture": "#0"},
                "east": {"uv": [0, 0, 2, 0], "texture": "#0"},
                "south": {"uv": [0, 0, 0.5, 0], "texture": "#0"},
                "west": {"uv": [0, 0, 2, 0], "texture": "#0"},
                "up": {"uv": [12.5, 11, 12, 9], "texture": "#0"},
                "down": {"uv": [10, 12, 9.5, 14], "texture": "#0"}
            }
        },
        {
            "from": [0, 0, 4],
            "to": [2, 0, 12],
            "faces": {
                "north": {"uv": [0, 0, 0.5, 0], "texture": "#0"},
                "east": {"uv": [0, 0, 2, 0], "texture": "#0"},
                "south": {"uv": [0, 0, 0.5, 0], "texture": "#0"},
                "west": {"uv": [0, 0, 2, 0], "texture": "#0"},
                "up": {"uv": [9, 14, 8.5, 12], "texture": "#0"},
                "down": {"uv": [9.5, 12, 9, 14], "texture": "#0"}
            }
        },
        {
            "from": [2, 0, 2],
            "to": [4, 0, 14],
            "faces": {
                "north": {"uv": [0, 0, 0.5, 0], "texture": "#0"},
                "east": {"uv": [0, 0, 3, 0], "texture": "#0"},
                "south": {"uv": [0, 0, 0.5, 0], "texture": "#0"},
                "west": {"uv": [0, 0, 3, 0], "texture": "#0"},
                "up": {"uv": [6.5, 15, 6, 12], "texture": "#0"},
                "down": {"uv": [7, 12, 6.5, 15], "texture": "#0"}
            }
        },
        {
            "from": [4, 0, 0],
            "to": [12, 0, 16],
            "faces": {
                "north": {"uv": [0, 0, 2, 0], "texture": "#0"},
                "east": {"uv": [0, 0, 4, 0], "texture": "#0"},
                "south": {"uv": [0, 0, 2, 0], "texture": "#0"},
                "west": {"uv": [0, 0, 4, 0], "texture": "#0"},
                "up": {"uv": [4, 12, 2, 8], "texture": "#0"},
                "down": {"uv": [6, 8, 4, 12], "texture": "#0"}
            }
        },
        {
            "from": [12, 0, 2],
            "to": [14, 0, 14],
            "faces": {
                "north": {"uv": [0, 0, 0.5, 0], "texture": "#0"},
                "east": {"uv": [0, 0, 3, 0], "texture": "#0"},
                "south": {"uv": [0, 0, 0.5, 0], "texture": "#0"},
                "west": {"uv": [0, 0, 3, 0], "texture": "#0"},
                "up": {"uv": [5.5, 15, 5, 12], "texture": "#0"},
                "down": {"uv": [6, 12, 5.5, 15], "texture": "#0"}
            }
        },
        {
            "from": [12, 0, 14],
            "to": [12, 16, 16],
            "faces": {
                "north": {"uv": [0, 0, 0, 4], "texture": "#0"},
                "east": {"uv": [6.5, 8, 7, 12], "texture": "#0"},
                "south": {"uv": [0, 0, 0, 4], "texture": "#0"},
                "west": {"uv": [7, 8, 7.5, 12], "texture": "#0"},
                "up": {"uv": [0, 0.5, 0, 0], "texture": "#0"},
                "down": {"uv": [0, 0, 0, 0.5], "texture": "#0"}
            }
        },
        {
            "from": [14, 0, 12],
            "to": [14, 16, 14],
            "faces": {
                "north": {"uv": [0, 0, 0, 4], "texture": "#0"},
                "east": {"uv": [8.5, 4, 9, 8], "texture": "#0"},
                "south": {"uv": [0, 0, 0, 4], "texture": "#0"},
                "west": {"uv": [8.5, 8, 9, 12], "texture": "#0"},
                "up": {"uv": [0, 0.5, 0, 0], "texture": "#0"},
                "down": {"uv": [0, 0, 0, 0.5], "texture": "#0"}
            }
        },
        {
            "from": [14, 0, 12],
            "to": [16, 16, 12],
            "faces": {
                "north": {"uv": [8, 4, 8.5, 8], "texture": "#0"},
                "east": {"uv": [0, 0, 0, 4], "texture": "#0"},
                "south": {"uv": [6, 8, 6.5, 12], "texture": "#0"},
                "west": {"uv": [0, 0, 0, 4], "texture": "#0"},
                "up": {"uv": [0.5, 0, 0, 0], "texture": "#0"},
                "down": {"uv": [0.5, 0, 0, 0], "texture": "#0"}
            }
        },
        {
            "from": [12, 0, 14],
            "to": [14, 16, 14],
            "faces": {
                "north": {"uv": [7.5, 8, 8, 12], "texture": "#0"},
                "east": {"uv": [0, 0, 0, 4], "texture": "#0"},
                "south": {"uv": [8, 8, 8.5, 12], "texture": "#0"},
                "west": {"uv": [0, 0, 0, 4], "texture": "#0"},
                "up": {"uv": [0.5, 0, 0, 0], "texture": "#0"},
                "down": {"uv": [0.5, 0, 0, 0], "texture": "#0"}
            }
        },
        {
            "from": [4, 0, 14],
            "to": [4, 16, 16],
            "faces": {
                "north": {"uv": [0, 0, 0, 4], "texture": "#0"},
                "east": {"uv": [2.5, 12, 3, 16], "texture": "#0"},
                "south": {"uv": [0, 0, 0, 4], "texture": "#0"},
                "west": {"uv": [3, 12, 3.5, 16], "texture": "#0"},
                "up": {"uv": [0, 0.5, 0, 0], "texture": "#0"},
                "down": {"uv": [0, 0, 0, 0.5], "texture": "#0"}
            }
        },
        {
            "from": [2, 0, 14],
            "to": [4, 16, 14],
            "faces": {
                "north": {"uv": [1.5, 12, 2, 16], "texture": "#0"},
                "east": {"uv": [0, 0, 0, 4], "texture": "#0"},
                "south": {"uv": [2, 12, 2.5, 16], "texture": "#0"},
                "west": {"uv": [0, 0, 0, 4], "texture": "#0"},
                "up": {"uv": [0.5, 0, 0, 0], "texture": "#0"},
                "down": {"uv": [0.5, 0, 0, 0], "texture": "#0"}
            }
        },
        {
            "from": [2, 0, 12],
            "to": [2, 16, 14],
            "faces": {
                "north": {"uv": [0, 0, 0, 4], "texture": "#0"},
                "east": {"uv": [0.5, 12, 1, 16], "texture": "#0"},
                "south": {"uv": [0, 0, 0, 4], "texture": "#0"},
                "west": {"uv": [1, 12, 1.5, 16], "texture": "#0"},
                "up": {"uv": [0, 0.5, 0, 0], "texture": "#0"},
                "down": {"uv": [0, 0, 0, 0.5], "texture": "#0"}
            }
        },
        {
            "from": [0, 0, 12],
            "to": [2, 16, 12],
            "faces": {
                "north": {"uv": [0, 12, 0.5, 16], "texture": "#0"},
                "east": {"uv": [0, 0, 0, 4], "texture": "#0"},
                "south": {"uv": [12, 0, 12.5, 4], "texture": "#0"},
                "west": {"uv": [0, 0, 0, 4], "texture": "#0"},
                "up": {"uv": [0.5, 0, 0, 0], "texture": "#0"},
                "down": {"uv": [0.5, 0, 0, 0], "texture": "#0"}
            }
        },
        {
            "from": [4, 0, 16],
            "to": [12, 16, 16],
            "faces": {
                "north": {"uv": [0, 4, 2, 8], "texture": "#0"},
                "east": {"uv": [0, 0, 0, 4], "texture": "#0"},
                "south": {"uv": [4, 0, 6, 4], "texture": "#0"},
                "west": {"uv": [0, 0, 0, 4], "texture": "#0"},
                "up": {"uv": [2, 0, 0, 0], "texture": "#0"},
                "down": {"uv": [2, 0, 0, 0], "texture": "#0"}
            }
        },
        {
            "from": [12, 0, 0],
            "to": [12, 16, 2],
            "faces": {
                "north": {"uv": [0, 0, 0, 4], "texture": "#0"},
                "east": {"uv": [10, 8, 10.5, 12], "texture": "#0"},
                "south": {"uv": [0, 0, 0, 4], "texture": "#0"},
                "west": {"uv": [10.5, 0, 11, 4], "texture": "#0"},
                "up": {"uv": [0, 0.5, 0, 0], "texture": "#0"},
                "down": {"uv": [0, 0, 0, 0.5], "texture": "#0"}
            }
        },
        {
            "from": [4, 0, 0],
            "to": [12, 16, 0],
            "faces": {
                "north": {"uv": [6, 0, 8, 4], "texture": "#0"},
                "east": {"uv": [0, 0, 0, 4], "texture": "#0"},
                "south": {"uv": [6, 4, 8, 8], "texture": "#0"},
                "west": {"uv": [0, 0, 0, 4], "texture": "#0"},
                "up": {"uv": [2, 0, 0, 0], "texture": "#0"},
                "down": {"uv": [2, 0, 0, 0], "texture": "#0"}
            }
        },
        {
            "from": [12, 0, 2],
            "to": [14, 16, 2],
            "faces": {
                "north": {"uv": [10, 0, 10.5, 4], "texture": "#0"},
                "east": {"uv": [0, 0, 0, 4], "texture": "#0"},
                "south": {"uv": [10, 4, 10.5, 8], "texture": "#0"},
                "west": {"uv": [0, 0, 0, 4], "texture": "#0"},
                "up": {"uv": [0.5, 0, 0, 0], "texture": "#0"},
                "down": {"uv": [0.5, 0, 0, 0], "texture": "#0"}
            }
        },
        {
            "from": [14, 0, 2],
            "to": [14, 16, 4],
            "faces": {
                "north": {"uv": [0, 0, 0, 4], "texture": "#0"},
                "east": {"uv": [9.5, 4, 10, 8], "texture": "#0"},
                "south": {"uv": [0, 0, 0, 4], "texture": "#0"},
                "west": {"uv": [9.5, 8, 10, 12], "texture": "#0"},
                "up": {"uv": [0, 0.5, 0, 0], "texture": "#0"},
                "down": {"uv": [0, 0, 0, 0.5], "texture": "#0"}
            }
        },
        {
            "from": [14, 0, 4],
            "to": [16, 16, 4],
            "faces": {
                "north": {"uv": [9, 4, 9.5, 8], "texture": "#0"},
                "east": {"uv": [0, 0, 0, 4], "texture": "#0"},
                "south": {"uv": [9, 8, 9.5, 12], "texture": "#0"},
                "west": {"uv": [0, 0, 0, 4], "texture": "#0"},
                "up": {"uv": [0.5, 0, 0, 0], "texture": "#0"},
                "down": {"uv": [0.5, 0, 0, 0], "texture": "#0"}
            }
        },
        {
            "from": [16, 0, 4],
            "to": [16, 16, 12],
            "faces": {
                "north": {"uv": [0, 0, 0, 4], "texture": "#0"},
                "east": {"uv": [2, 4, 4, 8], "texture": "#0"},
                "south": {"uv": [0, 0, 0, 4], "texture": "#0"},
                "west": {"uv": [4, 4, 6, 8], "texture": "#0"},
                "up": {"uv": [0, 2, 0, 0], "texture": "#0"},
                "down": {"uv": [0, 0, 0, 2], "texture": "#0"}
            }
        },
        {
            "from": [0, 0, 4],
            "to": [0, 16, 12],
            "faces": {
                "north": {"uv": [0, 0, 0, 4], "texture": "#0"},
                "east": {"uv": [0, 8, 2, 12], "texture": "#0"},
                "south": {"uv": [0, 0, 0, 4], "texture": "#0"},
                "west": {"uv": [8, 0, 10, 4], "texture": "#0"},
                "up": {"uv": [0, 2, 0, 0], "texture": "#0"},
                "down": {"uv": [0, 0, 0, 2], "texture": "#0"}
            }
        },
        {
            "from": [0, 0, 4],
            "to": [2, 16, 4],
            "faces": {
                "north": {"uv": [11.5, 4, 12, 8], "texture": "#0"},
                "east": {"uv": [0, 0, 0, 4], "texture": "#0"},
                "south": {"uv": [11.5, 8, 12, 12], "texture": "#0"},
                "west": {"uv": [0, 0, 0, 4], "texture": "#0"},
                "up": {"uv": [0.5, 0, 0, 0], "texture": "#0"},
                "down": {"uv": [0.5, 0, 0, 0], "texture": "#0"}
            }
        },
        {
            "from": [2, 0, 2],
            "to": [2, 16, 4],
            "faces": {
                "north": {"uv": [0, 0, 0, 4], "texture": "#0"},
                "east": {"uv": [11, 8, 11.5, 12], "texture": "#0"},
                "south": {"uv": [0, 0, 0, 4], "texture": "#0"},
                "west": {"uv": [11.5, 0, 12, 4], "texture": "#0"},
                "up": {"uv": [0, 0.5, 0, 0], "texture": "#0"},
                "down": {"uv": [0, 0, 0, 0.5], "texture": "#0"}
            }
        },
        {
            "from": [2, 0, 2],
            "to": [4, 16, 2],
            "faces": {
                "north": {"uv": [11, 0, 11.5, 4], "texture": "#0"},
                "east": {"uv": [0, 0, 0, 4], "texture": "#0"},
                "south": {"uv": [11, 4, 11.5, 8], "texture": "#0"},
                "west": {"uv": [0, 0, 0, 4], "texture": "#0"},
                "up": {"uv": [0.5, 0, 0, 0], "texture": "#0"},
                "down": {"uv": [0.5, 0, 0, 0], "texture": "#0"}
            }
        },
        {
            "from": [4, 0, 0],
            "to": [4, 16, 2],
            "faces": {
                "north": {"uv": [0, 0, 0, 4], "texture": "#0"},
                "east": {"uv": [10.5, 4, 11, 8], "texture": "#0"},
                "south": {"uv": [0, 0, 0, 4], "texture": "#0"},
                "west": {"uv": [10.5, 8, 11, 12], "texture": "#0"},
                "up": {"uv": [0, 0.5, 0, 0], "texture": "#0"},
                "down": {"uv": [0, 0, 0, 0.5], "texture": "#0"}
            }
        }
    ],
    "display": {
        "thirdperson_righthand": {
            "scale": [0.37, 0.37, 0.37]
        },
        "thirdperson_lefthand": {
            "scale": [0.37, 0.37, 0.37]
        },
        "firstperson_righthand": {
            "scale": [0.36, 0.36, 0.36]
        },
        "firstperson_lefthand": {
            "scale": [0.36, 0.36, 0.36]
        },
        "ground": {
            "scale": [0.48, 0.48, 0.48]
        },
        "gui": {
            "rotation": [45, 45, 0],
            "scale": [0.54, 0.54, 0.54]
        },
        "fixed": {
            "scale": [0.59, 0.59, 0.59]
        }
    }
}